student_id,email,full_name
STU5583,peak.scale.1778646167213.4418@example.com,Peak Scale Student 4418
STU9319,peak.scale.1778646167213.8154@example.com,Peak Scale Student 8154
STU16852,peak.scale.1778647871748.476@example.com,Peak Scale Student 476
STU16853,peak.scale.1778647871748.477@example.com,Peak Scale Student 477
STU16856,peak.scale.1778647871748.480@example.com,Peak Scale Student 480
STU16857,peak.scale.1778647871748.481@example.com,Peak Scale Student 481
STU16877,peak.scale.1778647871748.501@example.com,Peak Scale Student 501
STU17907,peak.scale.1778648011734.569@example.com,Peak Scale Student 569
STU17910,peak.scale.1778648011734.572@example.com,Peak Scale Student 572
STU17912,peak.scale.1778648011734.574@example.com,Peak Scale Student 574
STU17913,peak.scale.1778648011734.575@example.com,Peak Scale Student 575
STU17914,peak.scale.1778648011734.576@example.com,Peak Scale Student 576
STU17915,peak.scale.1778648011734.577@example.com,Peak Scale Student 577
STU17923,peak.scale.1778648011734.585@example.com,Peak Scale Student 585
STU17924,peak.scale.1778648011734.587@example.com,Peak Scale Student 587
STU17926,peak.scale.1778648011734.588@example.com,Peak Scale Student 588
STU18937,peak.scale.1778648253069.990@example.com,Peak Scale Student 990
STU19796,peak.scale.1778648253069.1849@example.com,Peak Scale Student 1849
STU19904,peak.scale.1778648253069.1957@example.com,Peak Scale Student 1957
STU19905,peak.scale.1778648253069.1958@example.com,Peak Scale Student 1958
STU19906,peak.scale.1778648253069.1959@example.com,Peak Scale Student 1959
STU19907,peak.scale.1778648253069.1960@example.com,Peak Scale Student 1960
STU19908,peak.scale.1778648253069.1961@example.com,Peak Scale Student 1961
STU19909,peak.scale.1778648253069.1962@example.com,Peak Scale Student 1962
STU19910,peak.scale.1778648253069.1963@example.com,Peak Scale Student 1963
STU19920,peak.scale.1778648253069.1973@example.com,Peak Scale Student 1973
STU1000,thinhpham2310@gmail.com,Thinh Ph
STU1001,student.pay.e2e.1778249665242.0@example.com,Student 0
STU1002,student.pay.e2e.1778249665242.1@example.com,Student 1
STU1003,student.pay.e2e.1778249665242.2@example.com,Student 2
STU1004,student.pay.e2e.1778249665242.3@example.com,Student 3
STU1005,student.pay.e2e.1778249665242.4@example.com,Student 4
STU1006,student.pay.e2e.1778249665242.5@example.com,Student 5
STU1007,student.pay.e2e.1778249665242.6@example.com,Student 6
STU1008,hehe@gmail.com,Student 7
STU1009,student.pay.e2e.1778249665242.8@example.com,Student 8
STU1010,student.pay.e2e.1778249665242.9@example.com,Student 9
STU1011,student.pay.e2e.1778249690495.0@example.com,Student 0
STU1012,student.pay.e2e.1778249690495.1@example.com,Student 1
STU1013,student.pay.e2e.1778249690495.2@example.com,Student 2
STU1014,student.pay.e2e.1778249690495.3@example.com,Student 3
STU1015,student.pay.e2e.1778249690495.4@example.com,Student 4
STU1016,student.pay.e2e.1778249690495.5@example.com,Student 5
STU1017,student.pay.e2e.1778249690495.6@example.com,Student 6
STU1018,student.pay.e2e.1778249690495.7@example.com,Student 7
STU1019,student.pay.e2e.1778249690495.8@example.com,Student 8
STU1020,student.pay.e2e.1778249690495.9@example.com,Student 9
STU1021,student.pay.e2e.1778249716949.0@example.com,Student 0
STU1022,student.pay.e2e.1778249716949.1@example.com,Student 1
STU1023,student.pay.e2e.1778249716949.2@example.com,Student 2
STU1024,student.pay.e2e.1778249716949.3@example.com,Student 3
STU1025,student.pay.e2e.1778249716949.4@example.com,Student 4
STU1026,student.pay.e2e.1778249716949.5@example.com,Student 5
STU1027,student.pay.e2e.1778249716949.6@example.com,Student 6
STU1028,student.pay.e2e.1778249716949.7@example.com,Student 7
STU1029,student.pay.e2e.1778249716949.8@example.com,Student 8
STU1030,student.pay.e2e.1778249716949.9@example.com,Student 9
STU1031,student.nullcheck.1778251498221@example.com,Null Check
STU1032,student.nullcheck.1778251544362@example.com,Null Check
STU1033,diag.student.1778251886783@example.com,Diag Student
STU1034,diag.null.1778252150644@example.com,Diag Null
STU1035,diag.null.1778252194032@example.com,Diag Null
STU1036,diag.null.1778252256316@example.com,Diag Null
STU1037,diag.full.1778252275244@example.com,Diag Full
STU1038,debug.student.1778253994872@example.com,Debug Student
STU1039,student.pay.e2e.1778254074122.0@example.com,Student 0
STU1040,student.pay.e2e.1778254074122.1@example.com,Student 1
STU1041,student.pay.e2e.1778254074122.2@example.com,Student 2
STU1042,student.pay.e2e.1778254074122.3@example.com,Student 3
STU1043,student.pay.e2e.1778254074122.4@example.com,Student 4
STU1044,student.pay.e2e.1778254074122.5@example.com,Student 5
STU1045,student.pay.e2e.1778254074122.6@example.com,Student 6
STU1046,student.pay.e2e.1778254074122.7@example.com,Student 7
STU1047,student.pay.e2e.1778254074122.8@example.com,Student 8
STU1048,student.pay.e2e.1778254074122.9@example.com,Student 9
STU1049,tmp@gmail.com,hahd hơe
STU1050,same-key-expired.1778257132706@example.com,Same Key
STU1051,cb.manual.student.1778470520946@example.com,CB Student 1778470520946
STU1052,student_1778558005709@example.com,Smoke Student
STU1053,smoke_student_1778558117171@example.com,Smoke Student
STU1054,smoke_student_1778558199854@example.com,Smoke Student
STU1055,smoke_student_1778558258182@example.com,Smoke Student
STU1056,smoke_student_1778561243327@example.com,Smoke Student
STU1057,peak.e2e.student1.1778645054604@example.com,Peak Student 1
STU1058,peak.e2e.student2.1778645054604@example.com,Peak Student 2
STU1059,peak.e2e.student1.1778645088874@example.com,Peak Student 1
STU1060,peak.e2e.student2.1778645088874@example.com,Peak Student 2
STU1061,peak.e2e.student1.1778645129501@example.com,Peak Student 1
STU1062,peak.e2e.student2.1778645129501@example.com,Peak Student 2
STU1063,peak.e2e.student1.1778645155100@example.com,Peak Student 1
STU1064,peak.e2e.student2.1778645155100@example.com,Peak Student 2
STU1065,peak.e2e.student.1778645245122.0@example.com,Peak Student 0
STU1066,peak.e2e.student.1778645245122.1@example.com,Peak Student 1
STU1067,peak.e2e.student.1778645245122.2@example.com,Peak Student 2
STU1068,peak.e2e.student.1778645245122.3@example.com,Peak Student 3
STU1069,peak.e2e.student.1778645245122.4@example.com,Peak Student 4
STU1070,peak.e2e.student.1778645245122.5@example.com,Peak Student 5
STU1071,peak.e2e.student.1778645245122.6@example.com,Peak Student 6
STU1072,peak.e2e.student.1778645245122.7@example.com,Peak Student 7
STU1073,peak.e2e.student.1778645245122.8@example.com,Peak Student 8
STU1074,heeehe@gmail.com,Peakaboo 1